id,name,manufacturer,mpn,second_source,lcsc,footprint,qty,unit_cost,source,status,dims_from,source_url,datasheet,settle_by
usb,"USB-C receptacle, 16 pin, USB 2.0",,TYPE-C-31-M-12,,C165948,Connector_USB:USB_C_Receptacle_HRO_TYPE-C-31-M-12,1,,declared,decided,footprint,,,
r-cc1,CC1 pull-down: tells the host this is a device (5.1 kΩ),,,,C23186,Resistor_SMD:R_0603_1608Metric,1,,declared,decided,footprint,,,
r-cc2,CC2 pull-down (5.1 kΩ),,,,C23186,Resistor_SMD:R_0603_1608Metric,1,,declared,decided,footprint,,,
ldo,"3.3 V regulator, 1 A",,AMS1117-3.3,,C6186,lcsc:SOT-223-3_L6.5-W3.4-P2.30-LS7.0-BR,1,,declared,decided,footprint,,,
c-vbus,Regulator input capacitor (10 µF),,,,C19702,Capacitor_SMD:C_0603_1608Metric,1,,declared,decided,footprint,,,
c-3v3,Regulator output capacitor (10 µF),,,,C19702,Capacitor_SMD:C_0603_1608Metric,1,,declared,decided,footprint,,,
mcu,RP2040 microcontroller,,RP2040,,C2040,Package_DFN_QFN:QFN-56-1EP_7x7mm_P0.4mm_EP3.2x3.2mm,1,,declared,decided,footprint,,https://datasheets.raspberrypi.com/rp2040/rp2040-datasheet.pdf,
c-dec,"Decoupling, one per RP2040 and flash supply pin (100 nF)",,,,C14663,Capacitor_SMD:C_0603_1608Metric,5,,declared,decided,footprint,,,
c-1v1,Core regulator output capacitor (1 µF),,,,C15849,Capacitor_SMD:C_0603_1608Metric,1,,declared,decided,footprint,,,
r-dp,USB D+ series resistor (27 Ω),,,,C25190,Resistor_SMD:R_0603_1608Metric,1,,declared,decided,footprint,,,
r-dm,USB D− series resistor (27 Ω),,,,C25190,Resistor_SMD:R_0603_1608Metric,1,,declared,decided,footprint,,,
xtal,"12 MHz crystal, 20 pF load",,X322512MSB4SI,,C9002,Crystal:Crystal_SMD_3225-4Pin_3.2x2.5mm,1,,declared,decided,footprint,,,
r-xout,Crystal drive resistor (1 kΩ),,,,C21190,Resistor_SMD:R_0603_1608Metric,1,,declared,decided,footprint,,,
c-xin,Crystal load capacitor (33 pF: 2 × (20 pF − ~4 pF stray)),,,,C1663,Capacitor_SMD:C_0603_1608Metric,1,,declared,decided,footprint,,,
c-xout,Crystal load capacitor (33 pF),,,,C1663,Capacitor_SMD:C_0603_1608Metric,1,,declared,decided,footprint,,,
flash,32 Mbit QSPI flash: the firmware lives here,,W25Q32JVSSIQ,,C179173,Package_SO:SOIC-8_5.23x5.23mm_P1.27mm,1,,declared,decided,footprint,,,
vent,Membrane vent: adhesive ePTFE patch over a hole in the lid,,,,,,1,,declared,assumed,assumed,,,Choose the patch (any adhesive ePTFE vent about 8 mm across); its size sets the hole.
sensor,"Temperature and humidity sensor, I²C",,AHT20,,C2757850,lcsc:SENSOR-SMD_L3.0-W3.0-P1.00-BR,1,,declared,decided,footprint,,,
r-sda,I²C SDA pull-up (4.7 kΩ),,,,C23162,Resistor_SMD:R_0603_1608Metric,1,,declared,decided,footprint,,,
r-scl,I²C SCL pull-up (4.7 kΩ),,,,C23162,Resistor_SMD:R_0603_1608Metric,1,,declared,decided,footprint,,,
led,"RGB status LED, addressable (shows through a lid printed in translucent filament)",,WS2812B-B/T,,C2761795,LED_SMD:LED_WS2812B_PLCC4_5.0x5.0mm_P3.2mm,1,,declared,decided,footprint,,,
c-led,LED supply decoupling (100 nF),,,,C14663,Capacitor_SMD:C_0603_1608Metric,1,,declared,decided,footprint,,,
chimney-ring-vent,"Chimney seal ring, silicone (or TPU foam), 6.243 mm ID × 9.443 mm OD × 1.5 mm — seals `vent`'s tube onto the board round `sensor`",,,,,,1,,derived,derived,derived,,,
case-base,Case base — print in ASA or PETG (fdm),,,,,,1,,derived,derived,derived,,,
case-lid,Case lid — print in ASA or PETG (fdm),,,,,,1,,derived,derived,derived,,,
